{"cameraMode":{"drawMode":0,"name":"Shaded","section":"Shading Mode"},"sceneLighting":true,"audioPlay":false,"sceneViewState":{"m_AlwaysRefresh":false,"showFog":true,"showSkybox":true,"showFlares":true,"showImageEffects":true,"showParticleSystems":true,"showVisualEffectGraphs":true,"m_FxEnabled":true},"in2DMode":false,"pivot":{"x":-3.9433374404907228,"y":2.7100000381469728,"z":17.02381134033203},"rotation":{"x":0.013653453439474106,"y":0.9448316693305969,"z":0.03970614820718765,"w":-0.324878454208374},"size":12.12435531616211,"orthographic":false}